{"CDA_CDA_haversine": 0.0, "CDA_C005_haversine": 10.623387523127958, "C005_C006_haversine": 5.087179170084463, "C006_C001_haversine": 7.538292214730387, "C001_C004_haversine": 0.8078637230048219, "C004_C007_haversine": 13.232155601647937, "C007_C002_haversine": 6.019353698053916, "C002_C003_haversine": 4.243270460817896, "C003_CDA_haversine": 6.377812415084213}